Account address,Show boosts,Notify on new posts,Languages
Pschiller@mastodon.social,true,false,
Shemol@o3o.ca,true,false,
idealhack@mementomori.school,true,false,
yang@sinophone.world,true,false,
bryanwu@mastodon.social,true,false,
gen_server@mastodon.social,true,false,
squeakychinchilla@mastodon.world,true,false,
longLiveCarryOn@mastodon.social,true,false,
0n3la57k155@mastodon.social,true,false,
w27@orz.uno,true,false,
akhaliq@sigmoid.social,true,false,
xchan@blaahaj.com,true,false,
siyanmao@g0v.social,true,false,
arstechnica@mastodon.social,true,false,
moinuxx@mastodon.social,true,false,
vitamin_cat@mastodon.social,true,false,
yeee@g0v.social,true,false,
wxt2005@konbini.social,true,false,
developers@chromium.social,true,false,
ericdiao@mastodon.social,true,false,
woollyapp@mastodon.social,true,false,
finx@mastodon.world,true,false,
ceshi1822@mastodon.world,true,false,
Madbug@mastodon.social,true,false,
chanjongjim@mastodon.social,true,false,
puran@techhub.social,true,false,
tianci@m.cmx.im,true,false,
putty@mastodon.online,true,false,
tinyuer@mastodon.world,true,false,
humbledcoder@mastodon.world,true,false,
MarkEditApp@mastodon.social,true,false,
EthanG@mastodon.world,true,false,
chengluffy@mastodon.social,true,false,
guwa@mastodon.world,true,false,
martinho0330@mastodon.world,true,false,
dgeibi@m.cmx.im,true,false,
heji@mastodon.social,true,false,
Toep2@mastodon.social,true,false,
riverscn@mastodon.world,true,false,
KentMyers@mastodon.world,true,false,
allenee@masto.ai,true,false,
sunnyyoung@mastodon.world,true,false,
chazy@mstdn.social,true,false,
taugocauci@mastodon.world,true,false,
me@social.yaofur.com,true,false,
Jiangxingxing@dragon-fly.club,true,false,
chazy@fosstodon.org,true,false,
geekdada@tooted.space,true,false,
laincat@mastodon.world,true,false,
chebur@m.cmx.im,true,false,
miao@amst.io,true,false,
alpenglow@m.cmx.im,true,false,
thucydides@donotban.com,true,false,
ian@social.forestroad.xyz,true,false,
ebf@ebf.social,true,false,
portraitpaintings@mastodon.art,true,false,
zihe@mastodon.social,true,false,
cryptoloser@mastodon.social,true,false,
iFinn@mastodon.social,true,false,
rockyzhang24@mastodon.social,true,false,
neenn@mastodon.world,true,false,
delphij@mastodon.world,true,false,
bowenj@mastodon.social,true,false,
thunderbird@mastodon.online,true,false,
xd474@mastodon.world,true,false,
novahoow@fedibird.com,true,false,
Lj@cyberplace.social,true,false,
zorry@mastodon.social,true,false,
aureouva@mastodon.online,true,false,
256@mastodon.social,true,false,
NikoTung@mastodon.world,true,false,
palmin@mastodon.social,true,false,
zzzzzz@mastodon.world,true,false,
spriteray@mastodon.world,true,false,
appinn@mastodon.social,true,false,
Astrian@astrian.social,true,false,
zwindl@techhub.social,true,false,
number5@number5.dev,true,false,
Boyangcong@mastodon.social,true,false,
thekoya@mastodon.social,true,false,
okimoto@toot.io,true,false,
wissx@mastodon.social,true,false,
BernieH@mastodon.world,true,false,
KhunBear@mastodon.social,true,false,
ddx@mastodon.social,true,false,
ptntp@nya.one,true,false,
goodbest@mastodon.world,true,false,
colachg@mastodon.world,true,false,
loritazheng@mstdn.dk,true,false,
lon_Ong@mas.to,true,false,
Jerryzhang@mastodon.social,true,false,
zu1k@zu1k.com,true,false,
zu1k@fosstodon.org,true,false,
pinkitchen@g0v.social,true,false,
kanezeng@techhub.social,true,false,
charles_lu@mastodon.social,true,false,
mttvll@mastodon.social,true,false,
MonaApp@mastodon.social,true,false,
mammoth@moth.social,true,false,
fishyo@mastodon.social,true,false,
xiaomishu@m.cmx.im,true,false,
d3shibasara@mastodon.social,true,false,
lwleo@mas.to,true,false,
multisnow@fe.disroot.org,true,false,
hanleylee@mastodon.social,true,false,
sfun@mastodon.social,true,false,
usuede@mstdn.social,true,false,
ytzong@mastodon.social,true,false,
isonfang@mastodon.social,true,false,
zanefox@mastodon.social,true,false,
tjt@mastodon.world,true,false,
shawn_pro@alive.bar,true,false,
icyleaf@o3o.ca,true,false,
Laicosd@mastodon.social,true,false,
rpsh@mastodon.social,true,false,
whyes@m.cmx.im,true,false,
waitingbar@mastodon.world,true,false,
YellowObject@mastodon.hk,true,false,
NanoRaptor@bitbang.social,true,false,
nickcheng@mas.to,true,false,
little_beard@hachyderm.io,true,false,
alanvww@mas.to,true,false,
s33you@mastodon.world,true,false,
luin@mastodon.world,true,false,
jiaruh@mastodon.world,true,false,
qnahzuig@m.cmx.im,true,false,
AlessW@mastodon.social,true,false,
nevercry@mstdn.jp,true,false,
senob@mstdn.social,true,false,
hashimoto@mastodon.world,true,false,
hankbao@mastodon.world,true,false,
techlay@mastodon.world,true,false,
twocats@mastodon.world,true,false,
1password@1password.social,true,false,
moiraine@mastodon.online,true,false,
lllllllllba@mastodon.social,true,false,
za@mastodon.world,true,false,
de1acr0ix@c.im,true,false,
jaxx@m.cmx.im,true,false,
ihkc34@mastodon.social,true,false,
kaxir@g0v.social,true,false,
candyintw@g0v.social,true,false,
Yang1337@o3o.ca,true,false,
rdom@indieweb.social,true,false,
chrischae@mastodon.world,true,false,
Daniel@o3o.ca,true,false,
MoutainSurfer@mastodon.world,true,false,
liyuan@mastodon.liyuan.app,true,false,
Sediment@mastodon.world,true,false,
adeyanx@mas.to,true,false,
AF_UNIX@mastodon.social,true,false,
stingzou@mastodon.world,true,false,
7TkXji@mas.to,true,false,
ZZEOEI@mastodon.social,true,false,
trv6lvk8KE@m.cmx.im,true,false,
Shadow1981@mastodon.world,true,false,
yen3@hachyderm.io,true,false,
elmowoo@g0v.social,true,false,
mark@tapbots.social,true,false,
miaoming@douchi.space,true,false,
louis383@g0v.social,true,false,
goodjack@g0v.social,true,false,
BakaTakasugi@o3o.ca,true,false,
mieq@mastodon.social,true,false,
kevluo@techhub.social,true,false,
laughter_forgetting@thefire.work,true,false,
su@0ne.day,true,false,
sogg@libraryland.social,true,false,
wancw@g0v.social,true,false,
cimeesia@mastodonapp.uk,true,false,
Ohno@mastodon.world,true,false,
wise@mastodon.world,true,false,
blueskuei@g0v.social,true,false,
oliver661@mastodon.online,true,false,
yeahwong@cryptodon.lol,true,false,
huhta@metalhead.club,true,false,
yiqq@nofan.xyz,true,false,
moongate@o3o.ca,true,false,
austie@mastodon.world,true,false,
zczhou@mastodon.world,true,false,
ringsaturn@m.cmx.im,true,false,
z12789@mastodon.world,true,false,
nixzhu@mastodon.social,true,false,
pengpengwan@mastodon.world,true,false,
eveqq@mastodon.social,true,false,
swind@mastodon.world,true,false,
cattail@mastodon.world,true,false,
le0p9n@mastodon.world,true,false,
ptntp@mas.to,true,false,
mereorange@mstdn.social,true,false,
hy39119416@mastodon.world,true,false,
shaneqi@mastodon.social,true,false,
conan@qoto.org,true,false,
stalkertarkovsky@mastodon.world,true,false,
dreamsky@g0v.social,true,false,
slgray@mstdn.social,true,false,
hirasawayui@mastodon.world,true,false,
sining@mastodon.world,true,false,
kisses@m.cmx.im,true,false,
kosaka@bgme.me,true,false,
byte2byte@mastodon.social,true,false,
jutton@fedibird.com,true,false,
macrumors@mastodon.social,true,false,
adam_wang@mastodon.social,true,false,
digitalpig@mastodon.social,true,false,
Anxonli@mastodon.world,true,false,
bigzaphod@mastodon.social,true,false,
rse43@m.rse43.com,true,false,
OscarGong@mastodon.social,true,false,
codefarmer@mastodon.world,true,false,
Amos_xiaoxu@o3o.ca,true,false,
WildCat@mastodon.world,true,false,
zillionk@social.butnot.today,true,false,
wyq@tea.codes,true,false,
shaoyanmin@mastodon.world,true,false,
3c@mastodon.world,true,false,
A_glimpse@alive.bar,true,false,
fity@mas.to,true,false,
Gargron@mastodon.social,true,false,
TheWeeOwl@mastodon.art,true,false,
SteamedFish@steamedfish.org,true,false,
Puuuhair@mastodon.social,true,false,
proton@m.cmx.im,true,false,
solf@mastodon.world,true,false,
houkanshan@mastodon.gamedev.place,true,false,
frank@nyan.live,true,false,
icelander@mstdn.ca,true,false,
tpm2dot0@wxw.moe,true,false,
paul@tapbots.social,true,false,
zxuan@o3o.ca,true,false,
MeanwhileinCanada@ohai.social,true,false,
toughq@mastodon.world,true,false,
sonicxp@techhub.social,true,false,
Blanboom@mastodon.social,true,false,
tapbots@tapbots.social,true,false,
ghibli@mstdn.social,true,false,
Masterle@mastodon.social,true,false,
luosheng@mas.to,true,false,
medium@me.dm,true,false,
wpyzone@mastodon.world,true,false,
elk@webtoo.ls,true,false,
Boyangcong@mastodon.world,true,false,
ivory@tapbots.social,true,false,
s68s@mastodon.world,true,false,
tooot@xmflsct.com,true,false,
masst@mstdn.jp,true,false,
icky6249@gts.noc.blue,true,false,
iklein@mstdn.social,true,false,
skyoh@mastodon.world,true,false,
oakvale5@mastodon.social,true,false,
9to5Mac@mastodon.online,true,false,
epliar@mastodon.online,true,false,
syan@mstdn.ca,true,false,
sampandu@mastodon.world,true,false,
terrychan@mastodon.world,true,false,
forestpine@pixelfed.social,true,false,
msnbc@mastodon.online,true,false,
simonbs@mastodon.social,true,false,
freewizard@mastodon.social,true,false,
ketmorco@fosstodon.org,true,false,
BleepingComputer@infosec.exchange,true,false,
Coyote@mastodon.world,true,false,
pokolovsky@mastodon.social,true,false,
kokoinali@mastodon.au,true,false,
ljyou001@mas.to,true,false,
hz@social.hnws.me,true,false,
szqt@mastodon.world,true,false,
Hoppinglife@mastodon.hoppinglife.com,true,false,
metabolist@mastodon.social,true,false,
hxueh@mas.to,true,false,
hinechaos@mas.to,true,false,
idealhack@mastodon.social,true,false,
Hyomirs@vivaldi.net,true,false,
cssts@g0v.social,true,false,
YHNdnzj@mastodon.social,true,false,
Qiri@fedi.tesaguri.club,true,false,
felixonmars@g0v.social,true,false,
frankyuyong@mastodon.world,true,false,
lee92@twit.social,true,false,
29uOltNmqN@mstdn.social,true,false,
guoli@mastodon.world,true,false,
rocry@mastodon.world,true,false,
haohailong@mastodon.social,true,false,
tldk@mastodon.social,true,false,
Jessica_ET@mastodon.social,true,false,
peakvision@mastodon.world,true,false,
j@social.hnws.me,true,false,
libei@mastodon.social,true,false,
pi@vnil.de,true,false,
signalapp@mastodon.world,true,false,
solohan83@nextham.duckdns.org,true,false,
hdcola@mastodon.world,true,false,
cnbeta@pokemon.men,true,false,
Leeing@mastodon.social,true,false,
PCMag@mastodon.social,true,false,
CNN@c.im,true,false,
ithome@hello.2heng.xin,true,false,
studyro@mastodon.world,true,false,
albert@douchi.space,true,false,
onweb@mastodon.world,true,false,
wogong@douchi.space,true,false,
chazeon@o3o.ca,true,false,
jiahaoguo@mastodon.social,true,false,
Mulioyster@alive.bar,true,false,
fulkrum@qoto.org,true,false,
self@treehouse.systems,true,false,
keroro@mas.to,true,false,
rousongca@mastodon.world,true,false,
kaiix@mastodon.social,true,false,
KidLee@infosec.exchange,true,false,
luke_xu_sh@m.cmx.im,true,false,
monocat@social.tchncs.de,true,false,
oktobor@m.cmx.im,true,false,
cuicat@mstdn.ca,true,false,
niuzi@m.cmx.im,true,false,
tsla@mstdn.ca,true,false,
vancion@mastodon.world,true,false,
mrseacow@m.cmx.im,true,false,
CeliaDChen@techhub.social,true,false,
ryangao@mastodon.social,true,false,
oseack@mstdn.ca,true,false,
theverge@mastodon.social,true,false,
rockia@mastodon.world,true,false,
ciceroxiao@mas.to,true,false,
RD@mastodon.social,true,false,
long@mas.to,true,false,
zeelx@mastodon.social,true,false,
sylee@g0v.social,true,false,
rikki_lv@mstdn.social,true,false,
feep@mastodon.world,true,false,
Csher@mastodon.world,true,false,
Dyjoe@c.im,true,false,
stever@zirk.us,true,false,
Sduby@mastodon.world,true,false,
shuizhongyueming@sself.co,true,false,
anonymous@cdrom.tokyo,true,false,
iunie@mastodon.social,true,false,
duumvir@mastodon.world,true,false,
Bzmario@mas.to,true,false,
thomas@bewater.social,true,false,
hmsea@mastodon.social,true,false,
acette@m.cmx.im,true,false,
haoeric@techhub.social,true,false,
fivestone@fivest.one,true,false,
lnsoso@mastodon.world,true,false,
fundon@fosstodon.org,true,false,
oldgun@mastodon.social,true,false,
miemiedad@sfba.social,true,false,
IDontSocial@mstdn.social,true,false,
sun@noc.social,true,false,
szeseong@mastodon.world,true,false,
wilhg@fosstodon.org,true,false,
akira@nacchan.ca,true,false,
hitian@mastodon.world,true,false,
andiechu@o3o.ca,true,false,
ainopara@home.social,true,false,
momok@mastodon.social,true,false,
xding@techhub.social,true,false,
ux90ed@mastodon.social,true,false,
yylyyl@toot.quebec,true,false,
piggybox@sigmoid.social,true,false,
SailKevin@mas.to,true,false,
krrw@mastodon.world,true,false,
ry@mstdn.ca,true,false,
hexyoungs@social.linux.pizza,true,false,
seanl@mastodon.world,true,false,
owenwater@mstdn.social,true,false,
s2marine@o3o.ca,true,false,
chengluffy@m.cmx.im,true,false,
phacevrising@mastodonapp.uk,true,false,
didiwei@qoto.org,true,false,
i4__P@mastodon.social,true,false,
mw@f.darksair.org,true,false,
ajax_lee@techhub.social,true,false,
ushuz@q12.im,true,false,
josh_rm@rainyme.ca,true,false,
huoju@m.devep.net,true,false,
hhnosportslife@m.cmx.im,true,false,
Mastodon@mastodon.social,true,false,
clowwindy@mastodon.world,true,false,
